{
  "model_name": "Random Forest",
  "is_optimized": true,
  "test_accuracy": 0.768595041322314,
  "test_f1_macro": 0.7686665847867027,
  "test_f1_weighted": 0.7660851159142844,
  "test_precision_macro": 0.7771905393457117,
  "test_recall_macro": 0.7711438635520949,
  "macro_auc": 0.9336481240946347,
  "hyperparameters": {
    "n_estimators": 200,
    "min_samples_split": 10,
    "min_samples_leaf": 2,
    "max_features": "sqrt",
    "max_depth": 10
  },
  "confusion_matrix": [
    [
      29,
      0,
      1,
      0
    ],
    [
      5,
      19,
      0,
      7
    ],
    [
      2,
      3,
      24,
      0
    ],
    [
      3,
      7,
      0,
      21
    ]
  ],
  "class_metrics": {
    "Happy": {
      "accuracy": 0.9666666666666667,
      "f1_score": 0.8405797101449275,
      "auc": 0.9809523809523809,
      "support": 30
    },
    "Sad": {
      "accuracy": 0.6129032258064516,
      "f1_score": 0.6333333333333333,
      "auc": 0.8813620071684588,
      "support": 31
    },
    "Angry": {
      "accuracy": 0.8275862068965517,
      "f1_score": 0.8888888888888888,
      "auc": 0.9643928035982009,
      "support": 29
    },
    "Relax": {
      "accuracy": 0.6774193548387096,
      "f1_score": 0.711864406779661,
      "auc": 0.9078853046594982,
      "support": 31
    }
  }
}