{"scenario": "variance_change", "metrics": {"predictions": [0, 3, 0, 0, 0, 1, 3, 2, 2, 3, 2, 2, 3, 3, 1, 3, 2, 2, 2, 3, 2, 1, 3, 2, 2, 0, 1, 1, 0, 3, 3, 0, 1, 3, 0, 1, 2, 3, 0, 1, 3, 1, 0, 3, 2, 1, 3, 1, 0, 3, 3, 1, 1, 2, 3, 0, 1, 1, 0, 0, 3, 0, 0, 0, 3, 0, 3, 0, 0, 3, 1, 1, 3, 0, 0, 2, 0, 0, 3, 3, 0, 0, 1, 3, 3, 1, 0, 2, 3, 1, 0, 0, 0, 1, 3, 0, 2, 2, 0, 2, 2, 2, 1, 1, 0, 2, 2, 2, 2, 0, 2, 0, 3, 3, 0, 3, 1, 3, 0, 2, 2, 0, 1, 3, 0, 1, 0, 2, 2, 3, 3, 1, 1, 0, 2, 0, 0, 3, 3, 0, 3, 1, 2, 0, 2, 0, 0, 2, 2, 3, 0, 1, 2, 0, 2, 3, 3, 0, 3, 3, 2, 3, 0, 3, 2, 1, 3, 3, 0, 3, 1, 2, 2, 3, 3, 0, 1, 1, 0, 1, 0, 0, 2, 2, 3, 0, 0, 1, 2, 2, 0, 0, 0, 3, 2, 3, 3, 2, 3, 3, 2, 2, 3, 2, 1, 2, 1, 0, 1, 0, 0, 0, 3, 3, 3, 2, 3, 0, 2, 0, 3, 3, 0, 0, 1, 3, 0, 1, 0, 2, 2, 3, 3, 3, 2, 2, 2, 1, 0, 3, 3, 2, 0, 2, 3, 3, 2, 3, 2, 1, 2, 3, 1, 0, 0, 2, 2, 2, 0, 1, 0, 1, 1, 1, 3, 0, 1, 3, 1, 1, 1, 3, 0, 1, 1, 2, 2, 2, 3, 1, 3, 2], "unique_classes": [0, 1, 2, 3], "class_dist": {"0": 79, "1": 55, "2": 69, "3": 79}, "mean_pred": 1.524822695035461}, "timestamp": "2025-11-13T11:47:57.881183"}